Query Video Name,Original Video Name,Query Video Length (seconds),Mean,Sigma,Predicted Answer,Expected Answer,Difference,Low Pass Filter,k for best match,Is Correct
video10_10_0_0_8970.mp4,video10,10,0,0,8970,8972,2,0,5,True
video10_10_0_1_15240.mp4,video10,10,0,1,15240,15240,0,0,5,True
video10_10_0_2_18060.mp4,video10,10,0,2,18060,18062,2,0,5,True
video10_10_0_3_17580.mp4,video10,10,0,3,17580,17582,2,0,5,True
video10_10_0_4_3600.mp4,video10,10,0,4,3600,3602,2,0,5,True
video10_10_0_5_12270.mp4,video10,10,0,5,12270,12271,1,0,5,True
video10_11_0_0_9960.mp4,video10,11,0,0,9960,9961,1,0,5,True
video10_11_0_1_8850.mp4,video10,11,0,1,8850,8853,3,0,5,True
video10_11_0_2_690.mp4,video10,11,0,2,690,691,1,0,5,True
video10_11_0_3_4590.mp4,video10,11,0,3,4590,4592,2,0,5,True
video10_11_0_4_10530.mp4,video10,11,0,4,10530,10531,1,0,5,True
video10_11_0_5_12750.mp4,video10,11,0,5,12750,12752,2,0,5,True
video10_12_0_0_4230.mp4,video10,12,0,0,4230,4231,1,0,5,True
video10_12_0_1_780.mp4,video10,12,0,1,780,782,2,0,5,True
video10_12_0_2_19320.mp4,video10,12,0,2,19320,19322,2,0,5,True
video10_12_0_3_6420.mp4,video10,12,0,3,6420,6422,2,0,5,True
video10_12_0_4_10110.mp4,video10,12,0,4,10110,10111,1,0,5,True
video10_12_0_5_17490.mp4,video10,12,0,5,17490,17491,1,0,5,True
video10_13_0_0_5700.mp4,video10,13,0,0,5700,5702,2,0,5,True
video10_13_0_1_18540.mp4,video10,13,0,1,18540,18544,4,0,5,False
video10_13_0_2_8940.mp4,video10,13,0,2,8940,8942,2,0,5,True
video10_13_0_3_13710.mp4,video10,13,0,3,13710,13711,1,0,5,True
video10_13_0_4_10560.mp4,video10,13,0,4,10560,10560,0,0,5,True
video10_13_0_5_11730.mp4,video10,13,0,5,11730,11732,2,0,5,True
video10_14_0_0_19080.mp4,video10,14,0,0,19080,19082,2,0,5,True
video10_14_0_1_13470.mp4,video10,14,0,1,13470,13472,2,0,5,True
video10_14_0_2_17040.mp4,video10,14,0,2,17040,17044,4,0,5,False
video10_14_0_3_16890.mp4,video10,14,0,3,16890,16891,1,0,5,True
video10_14_0_4_7590.mp4,video10,14,0,4,7590,7592,2,0,5,True
video10_14_0_5_10080.mp4,video10,14,0,5,10080,10081,1,0,5,True
video10_15_0_0_18450.mp4,video10,15,0,0,18450,18454,4,0,5,False
video10_15_0_1_13350.mp4,video10,15,0,1,13350,13351,1,0,5,True
video10_15_0_2_10920.mp4,video10,15,0,2,10920,10922,2,0,5,True
video10_15_0_3_7050.mp4,video10,15,0,3,7050,7052,2,0,5,True
video10_15_0_4_20070.mp4,video10,15,0,4,20070,20071,1,0,5,True
video10_15_0_5_9060.mp4,video10,15,0,5,9060,9062,2,0,5,True
video10_16_0_0_21660.mp4,video10,16,0,0,21660,21662,2,0,5,True
video10_16_0_1_2460.mp4,video10,16,0,1,2460,2461,1,0,5,True
video10_16_0_2_16620.mp4,video10,16,0,2,16620,16620,0,0,5,True
video10_16_0_3_15030.mp4,video10,16,0,3,15030,15032,2,0,5,True
video10_16_0_4_16140.mp4,video10,16,0,4,16140,16142,2,0,5,True
video10_16_0_5_10590.mp4,video10,16,0,5,10590,10584,6,0,5,False
video10_17_0_0_8490.mp4,video10,17,0,0,8490,8492,2,0,5,True
video10_17_0_1_14940.mp4,video10,17,0,1,14940,14940,0,0,5,True
video10_17_0_2_22620.mp4,video10,17,0,2,22620,22622,2,0,5,True
video10_17_0_3_330.mp4,video10,17,0,3,330,328,2,0,5,True
video10_17_0_4_11370.mp4,video10,17,0,4,11370,11371,1,0,5,True
video10_17_0_5_22320.mp4,video10,17,0,5,22320,22321,1,0,5,True
video10_18_0_0_19140.mp4,video10,18,0,0,19140,19141,1,0,5,True
video10_18_0_1_21690.mp4,video10,18,0,1,21690,21692,2,0,5,True
video10_18_0_2_6390.mp4,video10,18,0,2,6390,6392,2,0,5,True
video10_18_0_3_15990.mp4,video10,18,0,3,15990,15991,1,0,5,True
video10_18_0_4_720.mp4,video10,18,0,4,720,722,2,0,5,True
video10_18_0_5_5370.mp4,video10,18,0,5,5370,5372,2,0,5,True
video10_19_0_0_5640.mp4,video10,19,0,0,5640,5641,1,0,5,True
video10_19_0_1_21510.mp4,video10,19,0,1,21510,21512,2,0,5,True
video10_19_0_2_10320.mp4,video10,19,0,2,10320,10322,2,0,5,True
video10_19_0_3_21690.mp4,video10,19,0,3,21690,21692,2,0,5,True
video10_19_0_4_10620.mp4,video10,19,0,4,10620,10616,4,0,5,False
video10_19_0_5_8160.mp4,video10,19,0,5,8160,8162,2,0,5,True
video10_20_0_0_10530.mp4,video10,20,0,0,10530,10531,1,0,5,True
video10_20_0_1_24030.mp4,video10,20,0,1,24030,24032,2,0,5,True
video10_20_0_2_0.mp4,video10,20,0,2,0,1,1,0,5,True
video10_20_0_3_12750.mp4,video10,20,0,3,12750,12752,2,0,5,True
video10_20_0_4_4410.mp4,video10,20,0,4,4410,4412,2,0,5,True
video10_20_0_5_13200.mp4,video10,20,0,5,13200,13201,1,0,5,True
video11_10_0_0_3990.mp4,video11,10,0,0,3990,3990,0,0,5,True
video11_10_0_1_3450.mp4,video11,10,0,1,3450,3452,2,0,5,True
video11_10_0_2_3480.mp4,video11,10,0,2,3480,3482,2,0,5,True
video11_10_0_3_1950.mp4,video11,10,0,3,1950,1951,1,0,5,True
video11_10_0_4_4620.mp4,video11,10,0,4,4620,4622,2,0,5,True
video11_10_0_5_15300.mp4,video11,10,0,5,15300,15302,2,0,5,True
video11_11_0_0_2880.mp4,video11,11,0,0,2880,2881,1,0,5,True
video11_11_0_1_7320.mp4,video11,11,0,1,7320,7322,2,0,5,True
video11_11_0_2_13440.mp4,video11,11,0,2,13440,13440,0,0,5,True
video11_11_0_3_4800.mp4,video11,11,0,3,4800,4802,2,0,5,True
video11_11_0_4_15810.mp4,video11,11,0,4,15810,15812,2,0,5,True
video11_11_0_5_1620.mp4,video11,11,0,5,1620,1621,1,0,5,True
video11_12_0_0_12720.mp4,video11,12,0,0,12720,12722,2,0,5,True
video11_12_0_1_11340.mp4,video11,12,0,1,11340,11288,52,0,5,False
video11_12_0_2_4620.mp4,video11,12,0,2,4620,4622,2,0,5,True
video11_12_0_3_510.mp4,video11,12,0,3,510,512,2,0,5,True
video11_12_0_4_3840.mp4,video11,12,0,4,3840,3841,1,0,5,True
video11_12_0_5_6570.mp4,video11,12,0,5,6570,6571,1,0,5,True
video11_13_0_0_5010.mp4,video11,13,0,0,5010,5010,0,0,5,True
video11_13_0_1_16320.mp4,video11,13,0,1,16320,16321,1,0,5,True
video11_13_0_2_1290.mp4,video11,13,0,2,1290,1289,1,0,5,True
video11_13_0_3_2370.mp4,video11,13,0,3,2370,2372,2,0,5,True
video11_13_0_4_4140.mp4,video11,13,0,4,4140,4142,2,0,5,True
video11_13_0_5_9300.mp4,video11,13,0,5,9300,9300,0,0,5,True
video11_14_0_0_1020.mp4,video11,14,0,0,1020,1018,2,0,5,True
video11_14_0_1_2250.mp4,video11,14,0,1,2250,2252,2,0,5,True
video11_14_0_2_2400.mp4,video11,14,0,2,2400,2401,1,0,5,True
video11_14_0_3_16650.mp4,video11,14,0,3,16650,16652,2,0,5,True
video11_14_0_4_9930.mp4,video11,14,0,4,9930,9932,2,0,5,True
video11_14_0_5_2010.mp4,video11,14,0,5,2010,2013,3,0,5,True
video11_15_0_0_15060.mp4,video11,15,0,0,15060,15061,1,0,5,True
video11_15_0_1_9930.mp4,video11,15,0,1,9930,9932,2,0,5,True
video11_15_0_2_5760.mp4,video11,15,0,2,5760,5762,2,0,5,True
video11_15_0_3_11700.mp4,video11,15,0,3,11700,11702,2,0,5,True
video11_15_0_4_3420.mp4,video11,15,0,4,3420,3422,2,0,5,True
video11_15_0_5_12750.mp4,video11,15,0,5,12750,12750,0,0,5,True
video11_16_0_0_15360.mp4,video11,16,0,0,15360,15362,2,0,5,True
video11_16_0_1_5130.mp4,video11,16,0,1,5130,5131,1,0,5,True
video11_16_0_2_13350.mp4,video11,16,0,2,13350,13351,1,0,5,True
video11_16_0_3_12720.mp4,video11,16,0,3,12720,12722,2,0,5,True
video11_16_0_4_13230.mp4,video11,16,0,4,13230,13231,1,0,5,True
video11_16_0_5_1020.mp4,video11,16,0,5,1020,1018,2,0,5,True
video11_17_0_0_1200.mp4,video11,17,0,0,1200,1199,1,0,5,True
video11_17_0_1_5310.mp4,video11,17,0,1,5310,5312,2,0,5,True
video11_17_0_2_9330.mp4,video11,17,0,2,9330,9332,2,0,5,True
video11_17_0_3_10650.mp4,video11,17,0,3,10650,10652,2,0,5,True
video11_17_0_4_5220.mp4,video11,17,0,4,5220,5221,1,0,5,True
video11_17_0_5_6390.mp4,video11,17,0,5,6390,6392,2,0,5,True
video11_18_0_0_1320.mp4,video11,18,0,0,1320,1318,2,0,5,True
video11_18_0_1_2190.mp4,video11,18,0,1,2190,2192,2,0,5,True
video11_18_0_2_12240.mp4,video11,18,0,2,12240,12242,2,0,5,True
video11_18_0_3_12780.mp4,video11,18,0,3,12780,12781,1,0,5,True
video11_18_0_4_9570.mp4,video11,18,0,4,9570,9572,2,0,5,True
video11_18_0_5_180.mp4,video11,18,0,5,180,182,2,0,5,True
video11_19_0_0_12150.mp4,video11,19,0,0,12150,12150,0,0,5,True
video11_19_0_1_2430.mp4,video11,19,0,1,2430,2431,1,0,5,True
video11_19_0_2_5550.mp4,video11,19,0,2,5550,5550,0,0,5,True
video11_19_0_3_12510.mp4,video11,19,0,3,12510,12512,2,0,5,True
video11_19_0_4_10740.mp4,video11,19,0,4,10740,10742,2,0,5,True
video11_19_0_5_8790.mp4,video11,19,0,5,8790,8790,0,0,5,True
video11_20_0_0_6120.mp4,video11,20,0,0,6120,6121,1,0,5,True
video11_20_0_1_14070.mp4,video11,20,0,1,14070,14072,2,0,5,True
video11_20_0_2_14070.mp4,video11,20,0,2,14070,14072,2,0,5,True
video11_20_0_3_6810.mp4,video11,20,0,3,6810,6812,2,0,5,True
video11_20_0_4_7980.mp4,video11,20,0,4,7980,7982,2,0,5,True
video11_20_0_5_12720.mp4,video11,20,0,5,12720,12722,2,0,5,True
video1_10_0_0_3120.mp4,video1,10,0,0,3120,16602,13482,0,5,False
video1_10_0_1_22650.mp4,video1,10,0,1,22650,22651,1,0,5,True
video1_10_0_2_18750.mp4,video1,10,0,2,18750,18751,1,0,5,True
video1_10_0_3_13470.mp4,video1,10,0,3,13470,20698,7228,0,5,False
video1_10_0_4_24030.mp4,video1,10,0,4,24030,27330,3300,0,5,False
video1_10_0_5_10140.mp4,video1,10,0,5,10140,18329,8189,0,5,False
video1_11_0_0_7470.mp4,video1,11,0,0,7470,7471,1,0,5,True
video1_11_0_1_16200.mp4,video1,11,0,1,16200,16202,2,0,5,True
video1_11_0_2_4740.mp4,video1,11,0,2,4740,21426,16686,0,5,False
video1_11_0_3_25800.mp4,video1,11,0,3,25800,27211,1411,0,5,False
video1_11_0_4_18930.mp4,video1,11,0,4,18930,18929,1,0,5,True
video1_11_0_5_27360.mp4,video1,11,0,5,27360,27223,137,0,5,False
video1_12_0_0_90.mp4,video1,12,0,0,90,93,3,0,5,True
video1_12_0_1_17490.mp4,video1,12,0,1,17490,20540,3050,0,5,False
video1_12_0_2_19020.mp4,video1,12,0,2,19020,19020,0,0,5,True
video1_12_0_3_20130.mp4,video1,12,0,3,20130,20135,5,0,5,False
video1_12_0_4_19500.mp4,video1,12,0,4,19500,19503,3,0,5,True
video1_12_0_5_420.mp4,video1,12,0,5,420,12756,12336,0,5,False
video1_13_0_0_26010.mp4,video1,13,0,0,26010,26610,600,0,5,False
video1_13_0_1_6660.mp4,video1,13,0,1,6660,21852,15192,0,5,False
video1_13_0_2_8730.mp4,video1,13,0,2,8730,8731,1,0,5,True
video1_13_0_3_13440.mp4,video1,13,0,3,13440,20817,7377,0,5,False
video1_13_0_4_60.mp4,video1,13,0,4,60,13213,13153,0,5,False
video1_13_0_5_330.mp4,video1,13,0,5,330,12729,12399,0,5,False
video1_14_0_0_20130.mp4,video1,14,0,0,20130,20133,3,0,5,True
video1_14_0_1_17730.mp4,video1,14,0,1,17730,20768,3038,0,5,False
video1_14_0_2_17460.mp4,video1,14,0,2,17460,20786,3326,0,5,False
video1_14_0_3_10560.mp4,video1,14,0,3,10560,10563,3,0,5,True
video1_14_0_4_13050.mp4,video1,14,0,4,13050,16916,3866,0,5,False
video1_14_0_5_22170.mp4,video1,14,0,5,22170,22172,2,0,5,True
video1_15_0_0_1140.mp4,video1,15,0,0,1140,1141,1,0,5,True
video1_15_0_1_12870.mp4,video1,15,0,1,12870,20837,7967,0,5,False
video1_15_0_2_27060.mp4,video1,15,0,2,27060,27062,2,0,5,True
video1_15_0_3_11580.mp4,video1,15,0,3,11580,15660,4080,0,5,False
video1_15_0_4_16620.mp4,video1,15,0,4,16620,16228,392,0,5,False
video1_15_0_5_2190.mp4,video1,15,0,5,2190,20762,18572,0,5,False
video1_16_0_0_14190.mp4,video1,16,0,0,14190,14193,3,0,5,True
video1_16_0_1_24750.mp4,video1,16,0,1,24750,27102,2352,0,5,False
video1_16_0_2_4110.mp4,video1,16,0,2,4110,21759,17649,0,5,False
video1_16_0_3_10890.mp4,video1,16,0,3,10890,15707,4817,0,5,False
video1_16_0_4_17160.mp4,video1,16,0,4,17160,17162,2,0,5,True
video1_16_0_5_11190.mp4,video1,16,0,5,11190,15754,4564,0,5,False
video1_17_0_0_13620.mp4,video1,17,0,0,13620,13621,1,0,5,True
video1_17_0_1_16170.mp4,video1,17,0,1,16170,16172,2,0,5,True
video1_17_0_2_19020.mp4,video1,17,0,2,19020,19021,1,0,5,True
video1_17_0_3_14640.mp4,video1,17,0,3,14640,14641,1,0,5,True
video1_17_0_4_18360.mp4,video1,17,0,4,18360,18363,3,0,5,True
video1_17_0_5_22890.mp4,video1,17,0,5,22890,22890,0,0,5,True
video1_18_0_0_8340.mp4,video1,18,0,0,8340,8341,1,0,5,True
video1_18_0_1_25050.mp4,video1,18,0,1,25050,26947,1897,0,5,False
video1_18_0_2_5730.mp4,video1,18,0,2,5730,5732,2,0,5,True
video1_18_0_3_18000.mp4,video1,18,0,3,18000,20744,2744,0,5,False
video1_18_0_4_16230.mp4,video1,18,0,4,16230,16230,0,0,5,True
video1_18_0_5_17880.mp4,video1,18,0,5,17880,17882,2,0,5,True
video1_19_0_0_22650.mp4,video1,19,0,0,22650,22652,2,0,5,True
video1_19_0_1_24810.mp4,video1,19,0,1,24810,27009,2199,0,5,False
video1_19_0_2_10920.mp4,video1,19,0,2,10920,15549,4629,0,5,False
video1_19_0_3_20370.mp4,video1,19,0,3,20370,20371,1,0,5,True
video1_19_0_4_7380.mp4,video1,19,0,4,7380,7381,1,0,5,True
video1_19_0_5_20190.mp4,video1,19,0,5,20190,20190,0,0,5,True
video1_20_0_0_18060.mp4,video1,20,0,0,18060,18062,2,0,5,True
video1_20_0_1_15000.mp4,video1,20,0,1,15000,15001,1,0,5,True
video1_20_0_2_13680.mp4,video1,20,0,2,13680,13679,1,0,5,True
video1_20_0_3_14700.mp4,video1,20,0,3,14700,14701,1,0,5,True
video1_20_0_4_10110.mp4,video1,20,0,4,10110,10109,1,0,5,True
video1_20_0_5_23640.mp4,video1,20,0,5,23640,23644,4,0,5,False
video2_10_0_0_6330.mp4,video2,10,0,0,6330,6332,2,0,5,True
video2_10_0_1_6810.mp4,video2,10,0,1,6810,6812,2,0,5,True
video2_10_0_2_18570.mp4,video2,10,0,2,18570,18572,2,0,5,True
video2_10_0_3_23100.mp4,video2,10,0,3,23100,23102,2,0,5,True
video2_10_0_4_13740.mp4,video2,10,0,4,13740,13740,0,0,5,True
video2_10_0_5_990.mp4,video2,10,0,5,990,992,2,0,5,True
video2_11_0_0_5820.mp4,video2,11,0,0,5820,5822,2,0,5,True
video2_11_0_1_3750.mp4,video2,11,0,1,3750,3754,4,0,5,False
video2_11_0_2_17070.mp4,video2,11,0,2,17070,17073,3,0,5,True
video2_11_0_3_12870.mp4,video2,11,0,3,12870,12871,1,0,5,True
video2_11_0_4_14880.mp4,video2,11,0,4,14880,14881,1,0,5,True
video2_11_0_5_8250.mp4,video2,11,0,5,8250,8251,1,0,5,True
video2_12_0_0_11700.mp4,video2,12,0,0,11700,11702,2,0,5,True
video2_12_0_1_17850.mp4,video2,12,0,1,17850,17851,1,0,5,True
video2_12_0_2_10590.mp4,video2,12,0,2,10590,10591,1,0,5,True
video2_12_0_3_2310.mp4,video2,12,0,3,2310,2312,2,0,5,True
video2_12_0_4_20580.mp4,video2,12,0,4,20580,20581,1,0,5,True
video2_12_0_5_15240.mp4,video2,12,0,5,15240,15240,0,0,5,True
video2_13_0_0_9480.mp4,video2,13,0,0,9480,9482,2,0,5,True
video2_13_0_1_11790.mp4,video2,13,0,1,11790,11790,0,0,5,True
video2_13_0_2_5220.mp4,video2,13,0,2,5220,5221,1,0,5,True
video2_13_0_3_8130.mp4,video2,13,0,3,8130,8132,2,0,5,True
video2_13_0_4_17790.mp4,video2,13,0,4,17790,17793,3,0,5,True
video2_13_0_5_4860.mp4,video2,13,0,5,4860,4862,2,0,5,True
video2_14_0_0_6570.mp4,video2,14,0,0,6570,6571,1,0,5,True
video2_14_0_1_10740.mp4,video2,14,0,1,10740,10740,0,0,5,True
video2_14_0_2_9840.mp4,video2,14,0,2,9840,9843,3,0,5,True
video2_14_0_3_3240.mp4,video2,14,0,3,3240,3242,2,0,5,True
video2_14_0_4_1530.mp4,video2,14,0,4,1530,1531,1,0,5,True
video2_14_0_5_21180.mp4,video2,14,0,5,21180,21182,2,0,5,True
video2_15_0_0_6930.mp4,video2,15,0,0,6930,6931,1,0,5,True
video2_15_0_1_17640.mp4,video2,15,0,1,17640,17642,2,0,5,True
video2_15_0_2_13530.mp4,video2,15,0,2,13530,13532,2,0,5,True
video2_15_0_3_8340.mp4,video2,15,0,3,8340,8341,1,0,5,True
video2_15_0_4_11670.mp4,video2,15,0,4,11670,11672,2,0,5,True
video2_15_0_5_12990.mp4,video2,15,0,5,12990,12992,2,0,5,True
video2_16_0_0_10020.mp4,video2,16,0,0,10020,10023,3,0,5,True
video2_16_0_1_15750.mp4,video2,16,0,1,15750,15752,2,0,5,True
video2_16_0_2_19440.mp4,video2,16,0,2,19440,19442,2,0,5,True
video2_16_0_3_1740.mp4,video2,16,0,3,1740,1742,2,0,5,True
video2_16_0_4_10860.mp4,video2,16,0,4,10860,10860,0,0,5,True
video2_16_0_5_13350.mp4,video2,16,0,5,13350,13351,1,0,5,True
video2_17_0_0_17070.mp4,video2,17,0,0,17070,17072,2,0,5,True
video2_17_0_1_11040.mp4,video2,17,0,1,11040,11041,1,0,5,True
video2_17_0_2_11460.mp4,video2,17,0,2,11460,11461,1,0,5,True
video2_17_0_3_10110.mp4,video2,17,0,3,10110,10111,1,0,5,True
video2_17_0_4_6900.mp4,video2,17,0,4,6900,6902,2,0,5,True
video2_17_0_5_14190.mp4,video2,17,0,5,14190,14191,1,0,5,True
video2_18_0_0_17640.mp4,video2,18,0,0,17640,17642,2,0,5,True
video2_18_0_1_5100.mp4,video2,18,0,1,5100,5101,1,0,5,True
video2_18_0_2_20250.mp4,video2,18,0,2,20250,20252,2,0,5,True
video2_18_0_3_17310.mp4,video2,18,0,3,17310,17311,1,0,5,True
video2_18_0_4_20640.mp4,video2,18,0,4,20640,20642,2,0,5,True
video2_18_0_5_18180.mp4,video2,18,0,5,18180,18182,2,0,5,True
video2_19_0_0_540.mp4,video2,19,0,0,540,542,2,0,5,True
video2_19_0_1_2100.mp4,video2,19,0,1,2100,2102,2,0,5,True
video2_19_0_2_22110.mp4,video2,19,0,2,22110,22112,2,0,5,True
video2_19_0_3_21660.mp4,video2,19,0,3,21660,21662,2,0,5,True
video2_19_0_4_13950.mp4,video2,19,0,4,13950,13950,0,0,5,True
video2_19_0_5_19440.mp4,video2,19,0,5,19440,19442,2,0,5,True
video2_20_0_0_3180.mp4,video2,20,0,0,3180,3182,2,0,5,True
video2_20_0_1_12840.mp4,video2,20,0,1,12840,12841,1,0,5,True
video2_20_0_3_16740.mp4,video2,20,0,3,16740,16742,2,0,5,True
video2_20_0_4_1920.mp4,video2,20,0,4,1920,1922,2,0,5,True
video2_20_0_5_17340.mp4,video2,20,0,5,17340,17341,1,0,5,True
video3_10_0_0_9960.mp4,video3,10,0,0,9960,9962,2,0,5,True
video3_10_0_1_4230.mp4,video3,10,0,1,4230,4231,1,0,5,True
video3_10_0_2_14010.mp4,video3,10,0,2,14010,14014,4,0,5,False
video3_10_0_3_13260.mp4,video3,10,0,3,13260,13260,0,0,5,True
video3_10_0_4_4950.mp4,video3,10,0,4,4950,4952,2,0,5,True
video3_10_0_5_10200.mp4,video3,10,0,5,10200,10201,1,0,5,True
video3_11_0_0_17490.mp4,video3,11,0,0,17490,17491,1,0,5,True
video3_11_0_1_12060.mp4,video3,11,0,1,12060,12063,3,0,5,True
video3_11_0_2_9150.mp4,video3,11,0,2,9150,9154,4,0,5,False
video3_11_0_3_4050.mp4,video3,11,0,3,4050,4050,0,0,5,True
video3_11_0_4_1560.mp4,video3,11,0,4,1560,1560,0,0,5,True
video3_11_0_5_12900.mp4,video3,11,0,5,12900,12901,1,0,5,True
video3_12_0_0_19980.mp4,video3,12,0,0,19980,19983,3,0,5,True
video3_12_0_1_14100.mp4,video3,12,0,1,14100,14103,3,0,5,True
video3_12_0_2_7740.mp4,video3,12,0,2,7740,7742,2,0,5,True
video3_12_0_3_690.mp4,video3,12,0,3,690,691,1,0,5,True
video3_12_0_4_10380.mp4,video3,12,0,4,10380,10382,2,0,5,True
video3_12_0_5_17610.mp4,video3,12,0,5,17610,17608,2,0,5,True
video3_13_0_0_10080.mp4,video3,13,0,0,10080,10081,1,0,5,True
video3_13_0_1_6960.mp4,video3,13,0,1,6960,6961,1,0,5,True
video3_13_0_2_8040.mp4,video3,13,0,2,8040,8087,47,0,5,False
video3_13_0_3_16710.mp4,video3,13,0,3,16710,16712,2,0,5,True
video3_13_0_4_18690.mp4,video3,13,0,4,18690,18691,1,0,5,True
video3_13_0_5_11550.mp4,video3,13,0,5,11550,11558,8,0,5,False
video3_14_0_0_6810.mp4,video3,14,0,0,6810,6812,2,0,5,True
video3_14_0_1_4770.mp4,video3,14,0,1,4770,4771,1,0,5,True
video3_14_0_2_11550.mp4,video3,14,0,2,11550,11555,5,0,5,False
video3_14_0_3_19890.mp4,video3,14,0,3,19890,19892,2,0,5,True
video3_14_0_4_1020.mp4,video3,14,0,4,1020,1023,3,0,5,True
video3_14_0_5_1470.mp4,video3,14,0,5,1470,1469,1,0,5,True
video3_15_0_0_10890.mp4,video3,15,0,0,10890,10891,1,0,5,True
video3_15_0_1_19710.mp4,video3,15,0,1,19710,19713,3,0,5,True
video3_15_0_2_19140.mp4,video3,15,0,2,19140,19139,1,0,5,True
video3_15_0_3_5550.mp4,video3,15,0,3,5550,5553,3,0,5,True
video3_15_0_4_9000.mp4,video3,15,0,4,9000,9004,4,0,5,False
video3_15_0_5_2640.mp4,video3,15,0,5,2640,2642,2,0,5,True
video3_16_0_0_11610.mp4,video3,16,0,0,11610,11608,2,0,5,True
video3_16_0_1_15570.mp4,video3,16,0,1,15570,15571,1,0,5,True
video3_16_0_2_1620.mp4,video3,16,0,2,1620,1621,1,0,5,True
video3_16_0_3_9750.mp4,video3,16,0,3,9750,9752,2,0,5,True
video3_16_0_4_18960.mp4,video3,16,0,4,18960,18962,2,0,5,True
video3_16_0_5_13860.mp4,video3,16,0,5,13860,13863,3,0,5,True
video3_17_0_0_1560.mp4,video3,17,0,0,1560,1561,1,0,5,True
video3_17_0_1_13710.mp4,video3,17,0,1,13710,13711,1,0,5,True
video3_17_0_2_17340.mp4,video3,17,0,2,17340,17341,1,0,5,True
video3_17_0_3_16920.mp4,video3,17,0,3,16920,16921,1,0,5,True
video3_17_0_4_5670.mp4,video3,17,0,4,5670,5671,1,0,5,True
video3_17_0_5_13170.mp4,video3,17,0,5,13170,13170,0,0,5,True
video3_18_0_0_10980.mp4,video3,18,0,0,10980,10979,1,0,5,True
video3_18_0_1_15360.mp4,video3,18,0,1,15360,15362,2,0,5,True
video3_18_0_2_4560.mp4,video3,18,0,2,4560,4562,2,0,5,True
video3_18_0_3_9000.mp4,video3,18,0,3,9000,9004,4,0,5,False
video3_18_0_4_12960.mp4,video3,18,0,4,12960,12962,2,0,5,True
video3_18_0_5_15390.mp4,video3,18,0,5,15390,15394,4,0,5,False
video3_19_0_0_14370.mp4,video3,19,0,0,14370,14373,3,0,5,True
video3_19_0_1_9510.mp4,video3,19,0,1,9510,9512,2,0,5,True
video3_19_0_2_17850.mp4,video3,19,0,2,17850,17851,1,0,5,True
video3_19_0_3_4620.mp4,video3,19,0,3,4620,4622,2,0,5,True
video3_19_0_4_4560.mp4,video3,19,0,4,4560,4562,2,0,5,True
video3_19_0_5_4740.mp4,video3,19,0,5,4740,4741,1,0,5,True
video3_20_0_0_11670.mp4,video3,20,0,0,11670,11670,0,0,5,True
video3_20_0_1_1590.mp4,video3,20,0,1,1590,1591,1,0,5,True
video3_20_0_2_1680.mp4,video3,20,0,2,1680,1680,0,0,5,True
video3_20_0_3_1080.mp4,video3,20,0,3,1080,1081,1,0,5,True
video3_20_0_4_13680.mp4,video3,20,0,4,13680,13684,4,0,5,False
video3_20_0_5_16830.mp4,video3,20,0,5,16830,16832,2,0,5,True
video4_10_0_0_19350.mp4,video4,10,0,0,19350,19352,2,0,5,True
video4_10_0_1_11070.mp4,video4,10,0,1,11070,11073,3,0,5,True
video4_10_0_2_8880.mp4,video4,10,0,2,8880,8882,2,0,5,True
video4_10_0_3_5130.mp4,video4,10,0,3,5130,5131,1,0,5,True
video4_10_0_4_27330.mp4,video4,10,0,4,27330,27331,1,0,5,True
video4_10_0_5_22860.mp4,video4,10,0,5,22860,22720,140,0,5,False
video4_11_0_0_3630.mp4,video4,11,0,0,3630,3632,2,0,5,True
video4_11_0_1_3600.mp4,video4,11,0,1,3600,3602,2,0,5,True
video4_11_0_2_12090.mp4,video4,11,0,2,12090,12092,2,0,5,True
video4_11_0_3_8370.mp4,video4,11,0,3,8370,8371,1,0,5,True
video4_11_0_4_17880.mp4,video4,11,0,4,17880,17882,2,0,5,True
video4_11_0_5_16590.mp4,video4,11,0,5,16590,16592,2,0,5,True
video4_12_0_0_1170.mp4,video4,12,0,0,1170,1175,5,0,5,False
video4_12_0_1_6600.mp4,video4,12,0,1,6600,6600,0,0,5,True
video4_12_0_2_23910.mp4,video4,12,0,2,23910,23912,2,0,5,True
video4_12_0_3_13500.mp4,video4,12,0,3,13500,13502,2,0,5,True
video4_12_0_4_23340.mp4,video4,12,0,4,23340,23342,2,0,5,True
video4_12_0_5_25950.mp4,video4,12,0,5,25950,25951,1,0,5,True
video4_13_0_0_14010.mp4,video4,13,0,0,14010,14012,2,0,5,True
video4_13_0_1_21660.mp4,video4,13,0,1,21660,21662,2,0,5,True
video4_13_0_2_10470.mp4,video4,13,0,2,10470,10472,2,0,5,True
video4_13_0_3_2040.mp4,video4,13,0,3,2040,2041,1,0,5,True
video4_13_0_4_1650.mp4,video4,13,0,4,1650,1653,3,0,5,True
video4_13_0_5_1200.mp4,video4,13,0,5,1200,1205,5,0,5,False
video4_14_0_0_5100.mp4,video4,14,0,0,5100,5101,1,0,5,True
video4_14_0_1_2700.mp4,video4,14,0,1,2700,2702,2,0,5,True
video4_14_0_2_12030.mp4,video4,14,0,2,12030,12032,2,0,5,True
video4_14_0_3_2010.mp4,video4,14,0,3,2010,2010,0,0,5,True
video4_14_0_4_6240.mp4,video4,14,0,4,6240,6242,2,0,5,True
video4_14_0_5_28410.mp4,video4,14,0,5,28410,28412,2,0,5,True
video4_15_0_0_29250.mp4,video4,15,0,0,29250,29241,9,0,5,False
video4_15_0_1_3570.mp4,video4,15,0,1,3570,3572,2,0,5,True
video4_15_0_2_22440.mp4,video4,15,0,2,22440,22442,2,0,5,True
video4_15_0_3_7260.mp4,video4,15,0,3,7260,7262,2,0,5,True
video4_15_0_4_2640.mp4,video4,15,0,4,2640,2642,2,0,5,True
video4_15_0_5_17880.mp4,video4,15,0,5,17880,17882,2,0,5,True
video4_16_0_0_960.mp4,video4,16,0,0,960,961,1,0,5,True
video4_16_0_1_18990.mp4,video4,16,0,1,18990,18992,2,0,5,True
video4_16_0_2_23190.mp4,video4,16,0,2,23190,23193,3,0,5,True
video4_16_0_3_8790.mp4,video4,16,0,3,8790,8791,1,0,5,True
video4_16_0_4_20670.mp4,video4,16,0,4,20670,20672,2,0,5,True
video4_16_0_5_23160.mp4,video4,16,0,5,23160,23163,3,0,5,True
video4_17_0_0_26190.mp4,video4,17,0,0,26190,26192,2,0,5,True
video4_17_0_1_3780.mp4,video4,17,0,1,3780,3781,1,0,5,True
video4_17_0_2_29520.mp4,video4,17,0,2,29520,29528,8,0,5,False
video4_17_0_3_7230.mp4,video4,17,0,3,7230,7232,2,0,5,True
video4_17_0_4_13740.mp4,video4,17,0,4,13740,13741,1,0,5,True
video4_17_0_5_25860.mp4,video4,17,0,5,25860,25862,2,0,5,True
video4_18_0_0_2250.mp4,video4,18,0,0,2250,2252,2,0,5,True
video4_18_0_1_22290.mp4,video4,18,0,1,22290,22291,1,0,5,True
video4_18_0_2_24330.mp4,video4,18,0,2,24330,24321,9,0,5,False
video4_18_0_3_24210.mp4,video4,18,0,3,24210,24241,31,0,5,False
video4_18_0_4_210.mp4,video4,18,0,4,210,211,1,0,5,True
video4_18_0_5_15270.mp4,video4,18,0,5,15270,15270,0,0,5,True
video4_19_0_0_7200.mp4,video4,19,0,0,7200,7202,2,0,5,True
video4_19_0_1_16710.mp4,video4,19,0,1,16710,16712,2,0,5,True
video4_19_0_2_9840.mp4,video4,19,0,2,9840,9842,2,0,5,True
video4_19_0_3_27510.mp4,video4,19,0,3,27510,27512,2,0,5,True
video4_19_0_4_18930.mp4,video4,19,0,4,18930,18932,2,0,5,True
video4_19_0_5_13440.mp4,video4,19,0,5,13440,13443,3,0,5,True
video4_20_0_0_13590.mp4,video4,20,0,0,13590,13592,2,0,5,True
video4_20_0_1_17160.mp4,video4,20,0,1,17160,17162,2,0,5,True
video4_20_0_2_2970.mp4,video4,20,0,2,2970,2972,2,0,5,True
video4_20_0_3_3660.mp4,video4,20,0,3,3660,3662,2,0,5,True
video4_20_0_4_25860.mp4,video4,20,0,4,25860,25862,2,0,5,True
video4_20_0_5_16320.mp4,video4,20,0,5,16320,16322,2,0,5,True
video5_10_0_0_6660.mp4,video5,10,0,0,6660,14563,7903,0,5,False
video5_10_0_1_11730.mp4,video5,10,0,1,11730,11730,0,0,5,True
video5_10_0_2_120.mp4,video5,10,0,2,120,122,2,0,5,True
video5_10_0_3_11040.mp4,video5,10,0,3,11040,11041,1,0,5,True
video5_10_0_4_11760.mp4,video5,10,0,4,11760,11761,1,0,5,True
video5_10_0_5_3240.mp4,video5,10,0,5,3240,3243,3,0,5,True
video5_11_0_0_15150.mp4,video5,11,0,0,15150,15151,1,0,5,True
video5_11_0_1_12780.mp4,video5,11,0,1,12780,12781,1,0,5,True
video5_11_0_2_5190.mp4,video5,11,0,2,5190,5191,1,0,5,True
video5_11_0_4_2970.mp4,video5,11,0,4,2970,2972,2,0,5,True
video5_11_0_5_8940.mp4,video5,11,0,5,8940,14477,5537,0,5,False
video5_12_0_0_14610.mp4,video5,12,0,0,14610,14618,8,0,5,False
video5_12_0_2_3660.mp4,video5,12,0,2,3660,3662,2,0,5,True
video5_12_0_3_2880.mp4,video5,12,0,3,2880,2881,1,0,5,True
video5_12_0_4_8610.mp4,video5,12,0,4,8610,8612,2,0,5,True
video5_12_0_5_12780.mp4,video5,12,0,5,12780,12781,1,0,5,True
video5_13_0_0_9150.mp4,video5,13,0,0,9150,9149,1,0,5,True
video5_13_0_1_1380.mp4,video5,13,0,1,1380,1380,0,0,5,True
video5_13_0_2_9420.mp4,video5,13,0,2,9420,9420,0,0,5,True
video5_13_0_4_10380.mp4,video5,13,0,4,10380,10382,2,0,5,True
video5_13_0_5_8820.mp4,video5,13,0,5,8820,8823,3,0,5,True
video5_14_0_0_9990.mp4,video5,14,0,0,9990,9992,2,0,5,True
video5_14_0_1_2760.mp4,video5,14,0,1,2760,2761,1,0,5,True
video5_14_0_2_16290.mp4,video5,14,0,2,16290,16292,2,0,5,True
video5_14_0_3_10290.mp4,video5,14,0,3,10290,10292,2,0,5,True
video5_14_0_4_1440.mp4,video5,14,0,4,1440,1442,2,0,5,True
video5_14_0_5_1530.mp4,video5,14,0,5,1530,1526,4,0,5,False
video5_15_0_0_9600.mp4,video5,15,0,0,9600,9602,2,0,5,True
video5_15_0_1_1200.mp4,video5,15,0,1,1200,1203,3,0,5,True
video5_15_0_2_11400.mp4,video5,15,0,2,11400,11403,3,0,5,True
video5_15_0_3_6900.mp4,video5,15,0,3,6900,6899,1,0,5,True
video5_15_0_4_15600.mp4,video5,15,0,4,15600,15601,1,0,5,True
video5_15_0_5_6990.mp4,video5,15,0,5,6990,6991,1,0,5,True
video5_16_0_0_6990.mp4,video5,16,0,0,6990,6991,1,0,5,True
video5_16_0_1_14430.mp4,video5,16,0,1,14430,14432,2,0,5,True
video5_16_0_2_15870.mp4,video5,16,0,2,15870,15872,2,0,5,True
video5_16_0_3_9870.mp4,video5,16,0,3,9870,9872,2,0,5,True
video5_16_0_4_13950.mp4,video5,16,0,4,13950,13950,0,0,5,True
video5_16_0_5_17790.mp4,video5,16,0,5,17790,17791,1,0,5,True
video5_17_0_0_10770.mp4,video5,17,0,0,10770,10772,2,0,5,True
video5_17_0_1_7890.mp4,video5,17,0,1,7890,7891,1,0,5,True
video5_17_0_2_5280.mp4,video5,17,0,2,5280,5236,44,0,5,False
video5_17_0_3_2820.mp4,video5,17,0,3,2820,2822,2,0,5,True
video5_17_0_4_1410.mp4,video5,17,0,4,1410,1411,1,0,5,True
video5_17_0_5_11370.mp4,video5,17,0,5,11370,11372,2,0,5,True
video5_18_0_0_5760.mp4,video5,18,0,0,5760,5762,2,0,5,True
video5_18_0_1_9030.mp4,video5,18,0,1,9030,9030,0,0,5,True
video5_18_0_2_12060.mp4,video5,18,0,2,12060,12062,2,0,5,True
video5_18_0_3_7320.mp4,video5,18,0,3,7320,7323,3,0,5,True
video5_18_0_4_8310.mp4,video5,18,0,4,8310,8311,1,0,5,True
video5_18_0_5_4500.mp4,video5,18,0,5,4500,4502,2,0,5,True
video5_19_0_0_11550.mp4,video5,19,0,0,11550,11552,2,0,5,True
video5_19_0_1_6540.mp4,video5,19,0,1,6540,6541,1,0,5,True
video5_19_0_2_3750.mp4,video5,19,0,2,3750,3751,1,0,5,True
video5_19_0_3_13650.mp4,video5,19,0,3,13650,13652,2,0,5,True
video5_19_0_4_13410.mp4,video5,19,0,4,13410,13413,3,0,5,True
video5_19_0_5_6480.mp4,video5,19,0,5,6480,6481,1,0,5,True
video5_20_0_0_2520.mp4,video5,20,0,0,2520,2522,2,0,5,True
video5_20_0_1_7080.mp4,video5,20,0,1,7080,7081,1,0,5,True
video5_20_0_2_7530.mp4,video5,20,0,2,7530,7531,1,0,5,True
video5_20_0_3_5220.mp4,video5,20,0,3,5220,5221,1,0,5,True
video5_20_0_4_4440.mp4,video5,20,0,4,4440,4442,2,0,5,True
video6_10_0_0_22620.mp4,video6,10,0,0,22620,22622,2,0,5,True
video6_10_0_1_8280.mp4,video6,10,0,1,8280,8281,1,0,5,True
video6_10_0_2_4770.mp4,video6,10,0,2,4770,5676,906,0,5,False
video6_10_0_3_5280.mp4,video6,10,0,3,5280,5668,388,0,5,False
video6_10_0_4_21420.mp4,video6,10,0,4,21420,21419,1,0,5,True
video6_10_0_5_22320.mp4,video6,10,0,5,22320,22321,1,0,5,True
video6_11_0_1_1170.mp4,video6,11,0,1,1170,1171,1,0,5,True
video6_11_0_2_18450.mp4,video6,11,0,2,18450,18450,0,0,5,True
video6_11_0_3_16860.mp4,video6,11,0,3,16860,17856,996,0,5,False
video6_11_0_4_9600.mp4,video6,11,0,4,9600,5645,3955,0,5,False
video6_11_0_5_6720.mp4,video6,11,0,5,6720,17891,11171,0,5,False
video6_12_0_0_150.mp4,video6,12,0,0,150,151,1,0,5,True
video6_12_0_1_24570.mp4,video6,12,0,1,24570,21177,3393,0,5,False
video6_12_0_2_15540.mp4,video6,12,0,2,15540,15541,1,0,5,True
video6_12_0_3_12300.mp4,video6,12,0,3,12300,9284,3016,0,5,False
video6_12_0_4_13710.mp4,video6,12,0,4,13710,13711,1,0,5,True
video6_12_0_5_3300.mp4,video6,12,0,5,3300,3301,1,0,5,True
video6_13_0_0_13680.mp4,video6,13,0,0,13680,13682,2,0,5,True
video6_13_0_1_8280.mp4,video6,13,0,1,8280,8281,1,0,5,True
video6_13_0_2_24510.mp4,video6,13,0,2,24510,24512,2,0,5,True
video6_13_0_3_19590.mp4,video6,13,0,3,19590,19591,1,0,5,True
video6_13_0_4_660.mp4,video6,13,0,4,660,661,1,0,5,True
video6_13_0_5_17880.mp4,video6,13,0,5,17880,17881,1,0,5,True
video6_14_0_0_21780.mp4,video6,14,0,0,21780,9266,12514,0,5,False
video6_14_0_1_23850.mp4,video6,14,0,1,23850,23850,0,0,5,True
video6_14_0_2_7950.mp4,video6,14,0,2,7950,7951,1,0,5,True
video6_14_0_3_22500.mp4,video6,14,0,3,22500,22502,2,0,5,True
video6_14_0_4_21660.mp4,video6,14,0,4,21660,21660,0,0,5,True
video6_14_0_5_3330.mp4,video6,14,0,5,3330,3331,1,0,5,True
video6_15_0_0_12150.mp4,video6,15,0,0,12150,12150,0,0,5,True
video6_15_0_1_5250.mp4,video6,15,0,1,5250,5638,388,0,5,False
video6_15_0_2_30.mp4,video6,15,0,2,30,32,2,0,5,True
video6_15_0_3_6570.mp4,video6,15,0,3,6570,19205,12635,0,5,False
video6_15_0_4_16980.mp4,video6,15,0,4,16980,16982,2,0,5,True
video6_16_0_0_23670.mp4,video6,16,0,0,23670,23671,1,0,5,True
video6_16_0_1_2160.mp4,video6,16,0,1,2160,2162,2,0,5,True
video6_16_0_2_9570.mp4,video6,16,0,2,9570,5637,3933,0,5,False
video6_16_0_3_1830.mp4,video6,16,0,3,1830,1832,2,0,5,True
video6_16_0_4_11670.mp4,video6,16,0,4,11670,11590,80,0,5,False
video6_16_0_5_5130.mp4,video6,16,0,5,5130,5623,493,0,5,False
video6_17_0_0_18300.mp4,video6,17,0,0,18300,18301,1,0,5,True
video6_17_0_1_21780.mp4,video6,17,0,1,21780,21780,0,0,5,True
video6_17_0_2_13620.mp4,video6,17,0,2,13620,13622,2,0,5,True
video6_17_0_3_2820.mp4,video6,17,0,3,2820,2821,1,0,5,True
video6_17_0_4_5640.mp4,video6,17,0,4,5640,5639,1,0,5,True
video6_17_0_5_18780.mp4,video6,17,0,5,18780,18780,0,0,5,True
video6_18_0_0_150.mp4,video6,18,0,0,150,151,1,0,5,True
video6_18_0_1_17580.mp4,video6,18,0,1,17580,17582,2,0,5,True
video6_18_0_2_8640.mp4,video6,18,0,2,8640,8642,2,0,5,True
video6_18_0_3_8460.mp4,video6,18,0,3,8460,8460,0,0,5,True
video6_18_0_4_13470.mp4,video6,18,0,4,13470,13472,2,0,5,True
video6_18_0_5_15240.mp4,video6,18,0,5,15240,15242,2,0,5,True
video6_19_0_1_22650.mp4,video6,19,0,1,22650,22652,2,0,5,True
video6_19_0_2_20580.mp4,video6,19,0,2,20580,20580,0,0,5,True
video6_19_0_3_18960.mp4,video6,19,0,3,18960,18960,0,0,5,True
video6_19_0_4_0.mp4,video6,19,0,4,0,1,1,0,5,True
video6_19_0_5_19800.mp4,video6,19,0,5,19800,19802,2,0,5,True
video6_20_0_0_5190.mp4,video6,20,0,0,5190,5461,271,0,5,False
video6_20_0_1_20430.mp4,video6,20,0,1,20430,20432,2,0,5,True
video6_20_0_2_8700.mp4,video6,20,0,2,8700,8699,1,0,5,True
video6_20_0_3_10890.mp4,video6,20,0,3,10890,10892,2,0,5,True
video6_20_0_4_16920.mp4,video6,20,0,4,16920,17914,994,0,5,False
video6_20_0_5_13290.mp4,video6,20,0,5,13290,13291,1,0,5,True
video7_10_0_0_16170.mp4,video7,10,0,0,16170,16172,2,0,5,True
video7_10_0_1_17400.mp4,video7,10,0,1,17400,17403,3,0,5,True
video7_10_0_2_6960.mp4,video7,10,0,2,6960,6962,2,0,5,True
video7_10_0_3_6150.mp4,video7,10,0,3,6150,6151,1,0,5,True
video7_10_0_4_11670.mp4,video7,10,0,4,11670,11670,0,0,5,True
video7_10_0_5_14700.mp4,video7,10,0,5,14700,14702,2,0,5,True
video7_11_0_0_630.mp4,video7,11,0,0,630,630,0,0,5,True
video7_11_0_1_8520.mp4,video7,11,0,1,8520,8522,2,0,5,True
video7_11_0_2_4860.mp4,video7,11,0,2,4860,4862,2,0,5,True
video7_11_0_3_1740.mp4,video7,11,0,3,1740,1742,2,0,5,True
video7_11_0_4_7200.mp4,video7,11,0,4,7200,7202,2,0,5,True
video7_11_0_5_14130.mp4,video7,11,0,5,14130,14132,2,0,5,True
video7_12_0_0_12000.mp4,video7,12,0,0,12000,12002,2,0,5,True
video7_12_0_1_15870.mp4,video7,12,0,1,15870,15872,2,0,5,True
video7_12_0_2_17280.mp4,video7,12,0,2,17280,17282,2,0,5,True
video7_12_0_3_17190.mp4,video7,12,0,3,17190,17191,1,0,5,True
video7_12_0_4_12240.mp4,video7,12,0,4,12240,12242,2,0,5,True
video7_12_0_5_6210.mp4,video7,12,0,5,6210,6212,2,0,5,True
video7_13_0_0_3630.mp4,video7,13,0,0,3630,3632,2,0,5,True
video7_13_0_1_4110.mp4,video7,13,0,1,4110,4112,2,0,5,True
video7_13_0_2_15990.mp4,video7,13,0,2,15990,15991,1,0,5,True
video7_13_0_3_6480.mp4,video7,13,0,3,6480,6482,2,0,5,True
video7_13_0_4_10650.mp4,video7,13,0,4,10650,10652,2,0,5,True
video7_13_0_5_6420.mp4,video7,13,0,5,6420,6421,1,0,5,True
video7_14_0_0_15630.mp4,video7,14,0,0,15630,15632,2,0,5,True
video7_14_0_1_17580.mp4,video7,14,0,1,17580,17582,2,0,5,True
video7_14_0_2_4440.mp4,video7,14,0,2,4440,4440,0,0,5,True
video7_14_0_3_270.mp4,video7,14,0,3,270,272,2,0,5,True
video7_14_0_4_2640.mp4,video7,14,0,4,2640,2642,2,0,5,True
video7_14_0_5_14940.mp4,video7,14,0,5,14940,14942,2,0,5,True
video7_15_0_0_18600.mp4,video7,15,0,0,18600,18602,2,0,5,True
video7_15_0_1_5520.mp4,video7,15,0,1,5520,5522,2,0,5,True
video7_15_0_2_1110.mp4,video7,15,0,2,1110,1111,1,0,5,True
video7_15_0_3_15390.mp4,video7,15,0,3,15390,15392,2,0,5,True
video7_15_0_4_6810.mp4,video7,15,0,4,6810,6814,4,0,5,False
video7_15_0_5_870.mp4,video7,15,0,5,870,870,0,0,5,True
video7_16_0_0_10740.mp4,video7,16,0,0,10740,10741,1,0,5,True
video7_16_0_1_15510.mp4,video7,16,0,1,15510,15511,1,0,5,True
video7_16_0_2_9600.mp4,video7,16,0,2,9600,9602,2,0,5,True
video7_16_0_3_3120.mp4,video7,16,0,3,3120,3122,2,0,5,True
video7_16_0_4_1680.mp4,video7,16,0,4,1680,1682,2,0,5,True
video7_16_0_5_12510.mp4,video7,16,0,5,12510,12512,2,0,5,True
video7_17_0_0_8400.mp4,video7,17,0,0,8400,8402,2,0,5,True
video7_17_0_1_1290.mp4,video7,17,0,1,1290,1292,2,0,5,True
video7_17_0_2_7860.mp4,video7,17,0,2,7860,7861,1,0,5,True
video7_17_0_3_11730.mp4,video7,17,0,3,11730,11732,2,0,5,True
video7_17_0_4_5670.mp4,video7,17,0,4,5670,5671,1,0,5,True
video7_17_0_5_840.mp4,video7,17,0,5,840,842,2,0,5,True
video7_18_0_0_1290.mp4,video7,18,0,0,1290,1292,2,0,5,True
video7_18_0_1_6960.mp4,video7,18,0,1,6960,6962,2,0,5,True
video7_18_0_2_2580.mp4,video7,18,0,2,2580,2581,1,0,5,True
video7_18_0_3_60.mp4,video7,18,0,3,60,62,2,0,5,True
video7_18_0_4_19530.mp4,video7,18,0,4,19530,19532,2,0,5,True
video7_18_0_5_16530.mp4,video7,18,0,5,16530,16532,2,0,5,True
video7_19_0_0_9930.mp4,video7,19,0,0,9930,9932,2,0,5,True
video7_19_0_1_8160.mp4,video7,19,0,1,8160,8162,2,0,5,True
video7_19_0_2_1710.mp4,video7,19,0,2,1710,1712,2,0,5,True
video7_19_0_3_3840.mp4,video7,19,0,3,3840,3842,2,0,5,True
video7_19_0_4_19410.mp4,video7,19,0,4,19410,19412,2,0,5,True
video7_19_0_5_4740.mp4,video7,19,0,5,4740,4741,1,0,5,True
video7_20_0_0_7770.mp4,video7,20,0,0,7770,7771,1,0,5,True
video7_20_0_1_11130.mp4,video7,20,0,1,11130,11132,2,0,5,True
video7_20_0_2_16350.mp4,video7,20,0,2,16350,16352,2,0,5,True
video7_20_0_3_9810.mp4,video7,20,0,3,9810,9812,2,0,5,True
video7_20_0_4_3780.mp4,video7,20,0,4,3780,3781,1,0,5,True
video7_20_0_5_14640.mp4,video7,20,0,5,14640,14642,2,0,5,True
video8_10_0_0_390.mp4,video8,10,0,0,390,392,2,0,5,True
video8_10_0_1_2400.mp4,video8,10,0,1,2400,2401,1,0,5,True
video8_10_0_2_19830.mp4,video8,10,0,2,19830,19832,2,0,5,True
video8_10_0_3_1740.mp4,video8,10,0,3,1740,1742,2,0,5,True
video8_10_0_4_14730.mp4,video8,10,0,4,14730,14732,2,0,5,True
video8_10_0_5_5100.mp4,video8,10,0,5,5100,5101,1,0,5,True
video8_11_0_0_21900.mp4,video8,11,0,0,21900,21900,0,0,5,True
video8_11_0_1_4050.mp4,video8,11,0,1,4050,4052,2,0,5,True
video8_11_0_2_8370.mp4,video8,11,0,2,8370,8371,1,0,5,True
video8_11_0_3_16920.mp4,video8,11,0,3,16920,16922,2,0,5,True
video8_11_0_4_18330.mp4,video8,11,0,4,18330,18332,2,0,5,True
video8_11_0_5_180.mp4,video8,11,0,5,180,181,1,0,5,True
video8_12_0_0_23160.mp4,video8,12,0,0,23160,23163,3,0,5,True
video8_12_0_1_22200.mp4,video8,12,0,1,22200,22163,37,0,5,False
video8_12_0_2_17490.mp4,video8,12,0,2,17490,17490,0,0,5,True
video8_12_0_3_14790.mp4,video8,12,0,3,14790,14792,2,0,5,True
video8_12_0_4_18810.mp4,video8,12,0,4,18810,18812,2,0,5,True
video8_12_0_5_20820.mp4,video8,12,0,5,20820,20821,1,0,5,True
video8_13_0_0_17190.mp4,video8,13,0,0,17190,17192,2,0,5,True
video8_13_0_1_9030.mp4,video8,13,0,1,9030,9032,2,0,5,True
video8_13_0_2_18510.mp4,video8,13,0,2,18510,18512,2,0,5,True
video8_13_0_3_2370.mp4,video8,13,0,3,2370,2371,1,0,5,True
video8_13_0_4_3060.mp4,video8,13,0,4,3060,3061,1,0,5,True
video8_13_0_5_22650.mp4,video8,13,0,5,22650,22652,2,0,5,True
video8_14_0_0_17400.mp4,video8,14,0,0,17400,17401,1,0,5,True
video8_14_0_1_510.mp4,video8,14,0,1,510,512,2,0,5,True
video8_14_0_2_9990.mp4,video8,14,0,2,9990,9992,2,0,5,True
video8_14_0_3_4830.mp4,video8,14,0,3,4830,4830,0,0,5,True
video8_14_0_4_420.mp4,video8,14,0,4,420,421,1,0,5,True
video8_14_0_5_14400.mp4,video8,14,0,5,14400,14402,2,0,5,True
video8_15_0_0_4470.mp4,video8,15,0,0,4470,4470,0,0,5,True
video8_15_0_1_17760.mp4,video8,15,0,1,17760,17761,1,0,5,True
video8_15_0_2_4200.mp4,video8,15,0,2,4200,4200,0,0,5,True
video8_15_0_3_12180.mp4,video8,15,0,3,12180,12182,2,0,5,True
video8_15_0_4_1890.mp4,video8,15,0,4,1890,1892,2,0,5,True
video8_15_0_5_7830.mp4,video8,15,0,5,7830,7831,1,0,5,True
video8_16_0_0_17520.mp4,video8,16,0,0,17520,17522,2,0,5,True
video8_16_0_1_19740.mp4,video8,16,0,1,19740,19740,0,0,5,True
video8_16_0_2_660.mp4,video8,16,0,2,660,661,1,0,5,True
video8_16_0_3_6030.mp4,video8,16,0,3,6030,6031,1,0,5,True
video8_16_0_4_10770.mp4,video8,16,0,4,10770,10772,2,0,5,True
video8_16_0_5_14310.mp4,video8,16,0,5,14310,14312,2,0,5,True
video8_17_0_0_120.mp4,video8,17,0,0,120,122,2,0,5,True
video8_17_0_1_3390.mp4,video8,17,0,1,3390,3391,1,0,5,True
video8_17_0_2_8670.mp4,video8,17,0,2,8670,8672,2,0,5,True
video8_17_0_3_1080.mp4,video8,17,0,3,1080,1081,1,0,5,True
video8_17_0_4_13230.mp4,video8,17,0,4,13230,13231,1,0,5,True
video8_17_0_5_17850.mp4,video8,17,0,5,17850,17851,1,0,5,True
video8_18_0_0_6870.mp4,video8,18,0,0,6870,6872,2,0,5,True
video8_18_0_1_4500.mp4,video8,18,0,1,4500,4502,2,0,5,True
video8_18_0_2_4680.mp4,video8,18,0,2,4680,4681,1,0,5,True
video8_18_0_3_3630.mp4,video8,18,0,3,3630,3632,2,0,5,True
video8_18_0_4_3660.mp4,video8,18,0,4,3660,3662,2,0,5,True
video8_18_0_5_20850.mp4,video8,18,0,5,20850,20852,2,0,5,True
video8_19_0_0_18450.mp4,video8,19,0,0,18450,18451,1,0,5,True
video8_19_0_1_9300.mp4,video8,19,0,1,9300,9302,2,0,5,True
video8_19_0_2_3810.mp4,video8,19,0,2,3810,3811,1,0,5,True
video8_19_0_3_20070.mp4,video8,19,0,3,20070,20071,1,0,5,True
video8_19_0_4_3300.mp4,video8,19,0,4,3300,3301,1,0,5,True
video8_19_0_5_13410.mp4,video8,19,0,5,13410,13410,0,0,5,True
video8_20_0_0_13470.mp4,video8,20,0,0,13470,13472,2,0,5,True
video8_20_0_1_15180.mp4,video8,20,0,1,15180,15182,2,0,5,True
video8_20_0_2_19710.mp4,video8,20,0,2,19710,19712,2,0,5,True
video8_20_0_3_21540.mp4,video8,20,0,3,21540,21541,1,0,5,True
video8_20_0_4_18330.mp4,video8,20,0,4,18330,18332,2,0,5,True
video8_20_0_5_23070.mp4,video8,20,0,5,23070,23072,2,0,5,True
video9_10_0_0_2640.mp4,video9,10,0,0,2640,2642,2,0,5,True
video9_10_0_1_3840.mp4,video9,10,0,1,3840,3836,4,0,5,False
video9_10_0_2_5100.mp4,video9,10,0,2,5100,5099,1,0,5,True
video9_10_0_3_4860.mp4,video9,10,0,3,4860,4862,2,0,5,True
video9_10_0_4_3060.mp4,video9,10,0,4,3060,3062,2,0,5,True
video9_10_0_5_690.mp4,video9,10,0,5,690,691,1,0,5,True
video9_11_0_0_17670.mp4,video9,11,0,0,17670,17672,2,0,5,True
video9_11_0_1_7710.mp4,video9,11,0,1,7710,7712,2,0,5,True
video9_11_0_2_9120.mp4,video9,11,0,2,9120,9122,2,0,5,True
video9_11_0_3_810.mp4,video9,11,0,3,810,813,3,0,5,True
video9_11_0_4_6330.mp4,video9,11,0,4,6330,6331,1,0,5,True
video9_11_0_5_13560.mp4,video9,11,0,5,13560,13562,2,0,5,True
video9_12_0_0_14490.mp4,video9,12,0,0,14490,14492,2,0,5,True
video9_12_0_1_14070.mp4,video9,12,0,1,14070,14072,2,0,5,True
video9_12_0_2_20610.mp4,video9,12,0,2,20610,20613,3,0,5,True
video9_12_0_3_2430.mp4,video9,12,0,3,2430,2431,1,0,5,True
video9_12_0_4_10050.mp4,video9,12,0,4,10050,10052,2,0,5,True
video9_12_0_5_15000.mp4,video9,12,0,5,15000,15002,2,0,5,True
video9_13_0_0_10020.mp4,video9,13,0,0,10020,10022,2,0,5,True
video9_13_0_1_21780.mp4,video9,13,0,1,21780,21780,0,0,5,True
video9_13_0_2_17730.mp4,video9,13,0,2,17730,17732,2,0,5,True
video9_13_0_3_19920.mp4,video9,13,0,3,19920,19922,2,0,5,True
video9_13_0_4_3180.mp4,video9,13,0,4,3180,3182,2,0,5,True
video9_13_0_5_12630.mp4,video9,13,0,5,12630,12632,2,0,5,True
video9_14_0_0_22740.mp4,video9,14,0,0,22740,22740,0,0,5,True
video9_14_0_1_8010.mp4,video9,14,0,1,8010,8008,2,0,5,True
video9_14_0_2_3660.mp4,video9,14,0,2,3660,3661,1,0,5,True
video9_14_0_3_13440.mp4,video9,14,0,3,13440,13442,2,0,5,True
video9_14_0_4_10410.mp4,video9,14,0,4,10410,10412,2,0,5,True
video9_14_0_5_3630.mp4,video9,14,0,5,3630,3632,2,0,5,True
video9_15_0_0_21930.mp4,video9,15,0,0,21930,21931,1,0,5,True
video9_15_0_1_20700.mp4,video9,15,0,1,20700,20702,2,0,5,True
video9_15_0_2_1410.mp4,video9,15,0,2,1410,1412,2,0,5,True
video9_15_0_3_19830.mp4,video9,15,0,3,19830,19832,2,0,5,True
video9_15_0_4_11640.mp4,video9,15,0,4,11640,11642,2,0,5,True
video9_15_0_5_11070.mp4,video9,15,0,5,11070,11071,1,0,5,True
video9_16_0_0_8640.mp4,video9,16,0,0,8640,8642,2,0,5,True
video9_16_0_1_12780.mp4,video9,16,0,1,12780,12781,1,0,5,True
video9_16_0_2_8790.mp4,video9,16,0,2,8790,8791,1,0,5,True
video9_16_0_3_3960.mp4,video9,16,0,3,3960,3962,2,0,5,True
video9_16_0_4_660.mp4,video9,16,0,4,660,661,1,0,5,True
video9_16_0_5_9300.mp4,video9,16,0,5,9300,9302,2,0,5,True
video9_17_0_0_15930.mp4,video9,17,0,0,15930,15932,2,0,5,True
video9_17_0_1_21900.mp4,video9,17,0,1,21900,21901,1,0,5,True
video9_17_0_2_420.mp4,video9,17,0,2,420,422,2,0,5,True
video9_17_0_3_15900.mp4,video9,17,0,3,15900,15902,2,0,5,True
video9_17_0_4_10890.mp4,video9,17,0,4,10890,10892,2,0,5,True
video9_17_0_5_17880.mp4,video9,17,0,5,17880,17882,2,0,5,True
video9_18_0_0_11400.mp4,video9,18,0,0,11400,11400,0,0,5,True
video9_18_0_1_22560.mp4,video9,18,0,1,22560,22562,2,0,5,True
video9_18_0_2_4620.mp4,video9,18,0,2,4620,4623,3,0,5,True
video9_18_0_3_3930.mp4,video9,18,0,3,3930,3932,2,0,5,True
video9_18_0_4_930.mp4,video9,18,0,4,930,932,2,0,5,True
video9_18_0_5_10320.mp4,video9,18,0,5,10320,10322,2,0,5,True
video9_19_0_0_17370.mp4,video9,19,0,0,17370,17371,1,0,5,True
video9_19_0_1_4080.mp4,video9,19,0,1,4080,4082,2,0,5,True
video9_19_0_2_20130.mp4,video9,19,0,2,20130,20131,1,0,5,True
video9_19_0_3_4590.mp4,video9,19,0,3,4590,4593,3,0,5,True
video9_19_0_4_5850.mp4,video9,19,0,4,5850,5852,2,0,5,True
video9_19_0_5_2250.mp4,video9,19,0,5,2250,2252,2,0,5,True
video9_20_0_0_20940.mp4,video9,20,0,0,20940,20941,1,0,5,True
video9_20_0_1_1050.mp4,video9,20,0,1,1050,1051,1,0,5,True
video9_20_0_2_10950.mp4,video9,20,0,2,10950,10952,2,0,5,True
video9_20_0_3_18060.mp4,video9,20,0,3,18060,18062,2,0,5,True
video9_20_0_4_4980.mp4,video9,20,0,4,4980,4981,1,0,5,True
video9_20_0_5_17010.mp4,video9,20,0,5,17010,17012,2,0,5,True
